[{"model": "admin.logentry", "pk": 1, "fields": {"action_time": "2023-01-12T14:45:56.986Z", "user": 4, "content_type": 9, "object_id": "1", "object_repr": "Session object (1)", "action_flag": 1, "change_message": "[{\"added\": {}}]"}}, {"model": "admin.logentry", "pk": 2, "fields": {"action_time": "2023-01-12T14:46:24.478Z", "user": 4, "content_type": 11, "object_id": "1", "object_repr": "IJMB Program", "action_flag": 1, "change_message": "[{\"added\": {}}]"}}, {"model": "admin.logentry", "pk": 3, "fields": {"action_time": "2023-01-12T16:02:08.488Z", "user": 4, "content_type": 10, "object_id": "1", "object_repr": "Physics", "action_flag": 1, "change_message": "[{\"added\": {}}]"}}, {"model": "admin.logentry", "pk": 4, "fields": {"action_time": "2023-01-12T16:08:36.770Z", "user": 4, "content_type": 10, "object_id": "2", "object_repr": "ACCOUNTING", "action_flag": 1, "change_message": "[{\"added\": {}}]"}}, {"model": "admin.logentry", "pk": 5, "fields": {"action_time": "2023-01-12T16:11:37.388Z", "user": 4, "content_type": 10, "object_id": "3", "object_repr": "ARABIC", "action_flag": 1, "change_message": "[{\"added\": {}}]"}}, {"model": "admin.logentry", "pk": 6, "fields": {"action_time": "2023-01-12T16:11:45.502Z", "user": 4, "content_type": 10, "object_id": "4", "object_repr": "BIOLOGY", "action_flag": 1, "change_message": "[{\"added\": {}}]"}}, {"model": "admin.logentry", "pk": 7, "fields": {"action_time": "2023-01-12T16:11:59.067Z", "user": 4, "content_type": 10, "object_id": "1", "object_repr": "PHYSICS", "action_flag": 2, "change_message": "[{\"changed\": {\"fields\": [\"Name\"]}}]"}}, {"model": "admin.logentry", "pk": 8, "fields": {"action_time": "2023-01-12T16:12:11.255Z", "user": 4, "content_type": 10, "object_id": "5", "object_repr": "CHEMISTRY", "action_flag": 1, "change_message": "[{\"added\": {}}]"}}, {"model": "admin.logentry", "pk": 9, "fields": {"action_time": "2023-01-12T16:12:22.243Z", "user": 4, "content_type": 10, "object_id": "6", "object_repr": "ECONOMICS", "action_flag": 1, "change_message": "[{\"added\": {}}]"}}, {"model": "admin.logentry", "pk": 10, "fields": {"action_time": "2023-01-12T16:12:30.912Z", "user": 4, "content_type": 10, "object_id": "7", "object_repr": "GEOGRAPHY", "action_flag": 1, "change_message": "[{\"added\": {}}]"}}, {"model": "admin.logentry", "pk": 11, "fields": {"action_time": "2023-01-12T16:13:17.355Z", "user": 4, "content_type": 10, "object_id": "8", "object_repr": "BUSINESS", "action_flag": 1, "change_message": "[{\"added\": {}}]"}}, {"model": "admin.logentry", "pk": 12, "fields": {"action_time": "2023-01-12T16:13:28.127Z", "user": 4, "content_type": 10, "object_id": "9", "object_repr": "MANAGEMENT", "action_flag": 1, "change_message": "[{\"added\": {}}]"}}, {"model": "admin.logentry", "pk": 13, "fields": {"action_time": "2023-01-12T16:13:44.172Z", "user": 4, "content_type": 10, "object_id": "10", "object_repr": "GEOLOGY", "action_flag": 1, "change_message": "[{\"added\": {}}]"}}, {"model": "admin.logentry", "pk": 14, "fields": {"action_time": "2023-01-12T16:14:02.398Z", "user": 4, "content_type": 10, "object_id": "11", "object_repr": "GOVERNMENT", "action_flag": 1, "change_message": "[{\"added\": {}}]"}}, {"model": "admin.logentry", "pk": 15, "fields": {"action_time": "2023-01-12T16:14:12.960Z", "user": 4, "content_type": 10, "object_id": "12", "object_repr": "HAUSA", "action_flag": 1, "change_message": "[{\"added\": {}}]"}}, {"model": "admin.logentry", "pk": 16, "fields": {"action_time": "2023-01-12T16:14:24.898Z", "user": 4, "content_type": 10, "object_id": "13", "object_repr": "ISLAMIC STUDIES", "action_flag": 1, "change_message": "[{\"added\": {}}]"}}, {"model": "admin.logentry", "pk": 17, "fields": {"action_time": "2023-01-12T16:14:42.822Z", "user": 4, "content_type": 10, "object_id": "14", "object_repr": "SOCIOLOGY", "action_flag": 1, "change_message": "[{\"added\": {}}]"}}, {"model": "admin.logentry", "pk": 18, "fields": {"action_time": "2023-01-12T16:15:01.878Z", "user": 4, "content_type": 10, "object_id": "15", "object_repr": "ADVANCED LEVEL MATHEMATICS", "action_flag": 1, "change_message": "[{\"added\": {}}]"}}, {"model": "admin.logentry", "pk": 19, "fields": {"action_time": "2023-01-12T16:15:29.383Z", "user": 4, "content_type": 10, "object_id": "16", "object_repr": "ORDINARY LEVEL ENGLISH LANGUAGE", "action_flag": 1, "change_message": "[{\"added\": {}}]"}}, {"model": "admin.logentry", "pk": 20, "fields": {"action_time": "2023-01-12T16:15:50.797Z", "user": 4, "content_type": 10, "object_id": "17", "object_repr": "ORDINARY LEVEL MATHEMATICS", "action_flag": 1, "change_message": "[{\"added\": {}}]"}}, {"model": "admin.logentry", "pk": 21, "fields": {"action_time": "2023-01-12T16:16:23.484Z", "user": 4, "content_type": 10, "object_id": "18", "object_repr": "LITERATURE IN ENGLISH", "action_flag": 1, "change_message": "[{\"added\": {}}]"}}, {"model": "admin.logentry", "pk": 22, "fields": {"action_time": "2023-01-12T16:16:50.639Z", "user": 4, "content_type": 10, "object_id": "19", "object_repr": "CHRISTIAN RELIGIOUS STUDIES (CRS)", "action_flag": 1, "change_message": "[{\"added\": {}}]"}}, {"model": "admin.logentry", "pk": 23, "fields": {"action_time": "2023-01-12T16:20:27.684Z", "user": 4, "content_type": 12, "object_id": "1", "object_repr": "Medicine and Surgery", "action_flag": 1, "change_message": "[{\"added\": {}}]"}}, {"model": "admin.logentry", "pk": 24, "fields": {"action_time": "2023-01-12T16:30:07.113Z", "user": 4, "content_type": 13, "object_id": "1", "object_repr": "Sciences", "action_flag": 1, "change_message": "[{\"added\": {}}]"}}, {"model": "admin.logentry", "pk": 25, "fields": {"action_time": "2023-01-12T16:30:32.540Z", "user": 4, "content_type": 13, "object_id": "2", "object_repr": "Social Sciences", "action_flag": 1, "change_message": "[{\"added\": {}}]"}}, {"model": "admin.logentry", "pk": 26, "fields": {"action_time": "2023-01-12T16:30:46.696Z", "user": 4, "content_type": 13, "object_id": "3", "object_repr": "Arts", "action_flag": 1, "change_message": "[{\"added\": {}}]"}}, {"model": "admin.logentry", "pk": 27, "fields": {"action_time": "2023-01-12T16:32:34.551Z", "user": 4, "content_type": 12, "object_id": "1", "object_repr": "Medicine and Surgery", "action_flag": 2, "change_message": "[{\"changed\": {\"fields\": [\"Faculty\"]}}]"}}, {"model": "admin.logentry", "pk": 28, "fields": {"action_time": "2023-01-12T16:35:54.338Z", "user": 4, "content_type": 12, "object_id": "2", "object_repr": "Agricultural Engineering", "action_flag": 1, "change_message": "[{\"added\": {}}]"}}, {"model": "admin.logentry", "pk": 29, "fields": {"action_time": "2023-01-12T16:37:17.064Z", "user": 4, "content_type": 12, "object_id": "3", "object_repr": "Computer Science", "action_flag": 1, "change_message": "[{\"added\": {}}]"}}, {"model": "admin.logentry", "pk": 30, "fields": {"action_time": "2023-01-12T16:37:36.175Z", "user": 4, "content_type": 10, "object_id": "20", "object_repr": "Agricultural Science", "action_flag": 1, "change_message": "[{\"added\": {}}]"}}, {"model": "admin.logentry", "pk": 31, "fields": {"action_time": "2023-01-12T16:38:17.351Z", "user": 4, "content_type": 10, "object_id": "20", "object_repr": "AGRICULTURAL SCIENCE", "action_flag": 2, "change_message": "[{\"changed\": {\"fields\": [\"Name\"]}}]"}}, {"model": "admin.logentry", "pk": 32, "fields": {"action_time": "2023-01-12T16:40:49.049Z", "user": 4, "content_type": 12, "object_id": "4", "object_repr": "Public Administration", "action_flag": 1, "change_message": "[{\"added\": {}}]"}}, {"model": "admin.logentry", "pk": 33, "fields": {"action_time": "2023-01-14T20:15:03.815Z", "user": 4, "content_type": 10, "object_id": "17", "object_repr": "MATHEMATICS", "action_flag": 2, "change_message": "[{\"changed\": {\"fields\": [\"Name\"]}}]"}}, {"model": "admin.logentry", "pk": 34, "fields": {"action_time": "2023-01-14T20:15:25.413Z", "user": 4, "content_type": 10, "object_id": "16", "object_repr": "ENGLISH LANGUAGE", "action_flag": 2, "change_message": "[{\"changed\": {\"fields\": [\"Name\"]}}]"}}, {"model": "admin.logentry", "pk": 35, "fields": {"action_time": "2023-01-18T06:59:03.395Z", "user": 4, "content_type": 9, "object_id": "1", "object_repr": "2022/2023", "action_flag": 2, "change_message": "[{\"changed\": {\"fields\": [\"Session\"]}}]"}}, {"model": "admin.logentry", "pk": 36, "fields": {"action_time": "2023-01-18T07:03:34.625Z", "user": 4, "content_type": 8, "object_id": "202301180800257237414", "object_repr": "202301180800257237414", "action_flag": 3, "change_message": ""}}, {"model": "admin.logentry", "pk": 37, "fields": {"action_time": "2023-01-18T07:03:34.713Z", "user": 4, "content_type": 8, "object_id": "202301180800256517544", "object_repr": "202301180800256517544", "action_flag": 3, "change_message": ""}}, {"model": "admin.logentry", "pk": 38, "fields": {"action_time": "2023-01-18T07:03:34.763Z", "user": 4, "content_type": 8, "object_id": "202301180800255797564", "object_repr": "202301180800255797564", "action_flag": 3, "change_message": ""}}, {"model": "admin.logentry", "pk": 39, "fields": {"action_time": "2023-01-18T07:03:34.990Z", "user": 4, "content_type": 8, "object_id": "202301180800255077704", "object_repr": "202301180800255077704", "action_flag": 3, "change_message": ""}}, {"model": "admin.logentry", "pk": 40, "fields": {"action_time": "2023-01-18T07:03:35.072Z", "user": 4, "content_type": 8, "object_id": "202301180800254407544", "object_repr": "202301180800254407544", "action_flag": 3, "change_message": ""}}, {"model": "admin.logentry", "pk": 41, "fields": {"action_time": "2023-01-18T07:03:35.224Z", "user": 4, "content_type": 8, "object_id": "202301180800253747264", "object_repr": "202301180800253747264", "action_flag": 3, "change_message": ""}}, {"model": "admin.logentry", "pk": 42, "fields": {"action_time": "2023-01-18T07:03:35.290Z", "user": 4, "content_type": 8, "object_id": "202301180800253107364", "object_repr": "202301180800253107364", "action_flag": 3, "change_message": ""}}, {"model": "admin.logentry", "pk": 43, "fields": {"action_time": "2023-01-18T07:03:35.330Z", "user": 4, "content_type": 8, "object_id": "202301180800252347734", "object_repr": "202301180800252347734", "action_flag": 3, "change_message": ""}}, {"model": "admin.logentry", "pk": 44, "fields": {"action_time": "2023-01-18T07:03:35.376Z", "user": 4, "content_type": 8, "object_id": "202301180800251227944", "object_repr": "202301180800251227944", "action_flag": 3, "change_message": ""}}, {"model": "admin.logentry", "pk": 45, "fields": {"action_time": "2023-01-18T07:03:35.440Z", "user": 4, "content_type": 8, "object_id": "202301180800250188024", "object_repr": "202301180800250188024", "action_flag": 3, "change_message": ""}}, {"model": "admin.logentry", "pk": 46, "fields": {"action_time": "2023-01-18T07:03:35.488Z", "user": 4, "content_type": 8, "object_id": "202301180800249308134", "object_repr": "202301180800249308134", "action_flag": 3, "change_message": ""}}, {"model": "admin.logentry", "pk": 47, "fields": {"action_time": "2023-01-18T07:03:35.551Z", "user": 4, "content_type": 8, "object_id": "202301180800248808044", "object_repr": "202301180800248808044", "action_flag": 3, "change_message": ""}}, {"model": "admin.logentry", "pk": 48, "fields": {"action_time": "2023-01-18T07:03:35.599Z", "user": 4, "content_type": 8, "object_id": "202301180800247848394", "object_repr": "202301180800247848394", "action_flag": 3, "change_message": ""}}, {"model": "admin.logentry", "pk": 49, "fields": {"action_time": "2023-01-18T07:03:35.639Z", "user": 4, "content_type": 8, "object_id": "202301180800246808444", "object_repr": "202301180800246808444", "action_flag": 3, "change_message": ""}}, {"model": "admin.logentry", "pk": 50, "fields": {"action_time": "2023-01-18T07:03:35.731Z", "user": 4, "content_type": 8, "object_id": "202301180800245688604", "object_repr": "202301180800245688604", "action_flag": 3, "change_message": ""}}, {"model": "admin.logentry", "pk": 51, "fields": {"action_time": "2023-01-18T07:03:35.856Z", "user": 4, "content_type": 8, "object_id": "202301180800244888794", "object_repr": "202301180800244888794", "action_flag": 3, "change_message": ""}}, {"model": "admin.logentry", "pk": 52, "fields": {"action_time": "2023-01-18T07:03:35.962Z", "user": 4, "content_type": 8, "object_id": "202301180800243987664", "object_repr": "202301180800243987664", "action_flag": 3, "change_message": ""}}, {"model": "admin.logentry", "pk": 53, "fields": {"action_time": "2023-01-18T07:03:36.010Z", "user": 4, "content_type": 8, "object_id": "202301180800243347724", "object_repr": "202301180800243347724", "action_flag": 3, "change_message": ""}}, {"model": "admin.logentry", "pk": 54, "fields": {"action_time": "2023-01-18T07:03:36.085Z", "user": 4, "content_type": 8, "object_id": "202301180800242707814", "object_repr": "202301180800242707814", "action_flag": 3, "change_message": ""}}, {"model": "admin.logentry", "pk": 55, "fields": {"action_time": "2023-01-18T07:03:36.136Z", "user": 4, "content_type": 8, "object_id": "202301180800241987904", "object_repr": "202301180800241987904", "action_flag": 3, "change_message": ""}}, {"model": "admin.logentry", "pk": 56, "fields": {"action_time": "2023-01-18T07:03:36.176Z", "user": 4, "content_type": 8, "object_id": "202301180800160020904", "object_repr": "202301180800160020904", "action_flag": 3, "change_message": ""}}, {"model": "admin.logentry", "pk": 57, "fields": {"action_time": "2023-01-18T07:03:36.225Z", "user": 4, "content_type": 8, "object_id": "202301180800159300954", "object_repr": "202301180800159300954", "action_flag": 3, "change_message": ""}}, {"model": "admin.logentry", "pk": 58, "fields": {"action_time": "2023-01-18T07:03:36.265Z", "user": 4, "content_type": 8, "object_id": "202301180800158458524", "object_repr": "202301180800158458524", "action_flag": 3, "change_message": ""}}, {"model": "admin.logentry", "pk": 59, "fields": {"action_time": "2023-01-18T07:03:36.307Z", "user": 4, "content_type": 8, "object_id": "202301180800156979434", "object_repr": "202301180800156979434", "action_flag": 3, "change_message": ""}}, {"model": "admin.logentry", "pk": 60, "fields": {"action_time": "2023-01-18T07:03:36.387Z", "user": 4, "content_type": 8, "object_id": "202301180800156339444", "object_repr": "202301180800156339444", "action_flag": 3, "change_message": ""}}, {"model": "admin.logentry", "pk": 61, "fields": {"action_time": "2023-01-18T07:03:36.438Z", "user": 4, "content_type": 8, "object_id": "202301180800155716644", "object_repr": "202301180800155716644", "action_flag": 3, "change_message": ""}}, {"model": "admin.logentry", "pk": 62, "fields": {"action_time": "2023-01-18T07:03:36.594Z", "user": 4, "content_type": 8, "object_id": "202301180800151954914", "object_repr": "202301180800151954914", "action_flag": 3, "change_message": ""}}, {"model": "admin.logentry", "pk": 63, "fields": {"action_time": "2023-01-18T07:03:36.658Z", "user": 4, "content_type": 8, "object_id": "202301180800151155084", "object_repr": "202301180800151155084", "action_flag": 3, "change_message": ""}}, {"model": "admin.logentry", "pk": 64, "fields": {"action_time": "2023-01-18T07:03:36.702Z", "user": 4, "content_type": 8, "object_id": "202301180800150281354", "object_repr": "202301180800150281354", "action_flag": 3, "change_message": ""}}, {"model": "admin.logentry", "pk": 65, "fields": {"action_time": "2023-01-18T07:03:36.742Z", "user": 4, "content_type": 8, "object_id": "202301180800149465154", "object_repr": "202301180800149465154", "action_flag": 3, "change_message": ""}}, {"model": "admin.logentry", "pk": 66, "fields": {"action_time": "2023-01-18T07:03:36.826Z", "user": 4, "content_type": 8, "object_id": "202301180800147785424", "object_repr": "202301180800147785424", "action_flag": 3, "change_message": ""}}, {"model": "admin.logentry", "pk": 67, "fields": {"action_time": "2023-01-18T07:03:36.898Z", "user": 4, "content_type": 8, "object_id": "202301180800146205864", "object_repr": "202301180800146205864", "action_flag": 3, "change_message": ""}}, {"model": "admin.logentry", "pk": 68, "fields": {"action_time": "2023-01-18T07:03:36.946Z", "user": 4, "content_type": 8, "object_id": "202301180800145436194", "object_repr": "202301180800145436194", "action_flag": 3, "change_message": ""}}, {"model": "admin.logentry", "pk": 69, "fields": {"action_time": "2023-01-18T07:03:37.169Z", "user": 4, "content_type": 8, "object_id": "202301180800143251304", "object_repr": "202301180800143251304", "action_flag": 3, "change_message": ""}}, {"model": "admin.logentry", "pk": 70, "fields": {"action_time": "2023-01-18T07:03:37.265Z", "user": 4, "content_type": 8, "object_id": "202301180800141811484", "object_repr": "202301180800141811484", "action_flag": 3, "change_message": ""}}, {"model": "admin.logentry", "pk": 71, "fields": {"action_time": "2023-01-18T07:03:37.347Z", "user": 4, "content_type": 8, "object_id": "202301180800140851684", "object_repr": "202301180800140851684", "action_flag": 3, "change_message": ""}}, {"model": "admin.logentry", "pk": 72, "fields": {"action_time": "2023-01-18T07:03:37.387Z", "user": 4, "content_type": 8, "object_id": "202301180800136256684", "object_repr": "202301180800136256684", "action_flag": 3, "change_message": ""}}, {"model": "admin.logentry", "pk": 73, "fields": {"action_time": "2023-01-18T07:03:37.467Z", "user": 4, "content_type": 8, "object_id": "202301180800134554754", "object_repr": "202301180800134554754", "action_flag": 3, "change_message": ""}}, {"model": "admin.logentry", "pk": 74, "fields": {"action_time": "2023-01-18T07:03:37.507Z", "user": 4, "content_type": 8, "object_id": "202301180800132289894", "object_repr": "202301180800132289894", "action_flag": 3, "change_message": ""}}, {"model": "admin.logentry", "pk": 75, "fields": {"action_time": "2023-01-18T07:03:37.551Z", "user": 4, "content_type": 8, "object_id": "202301180800128907374", "object_repr": "202301180800128907374", "action_flag": 3, "change_message": ""}}, {"model": "admin.logentry", "pk": 76, "fields": {"action_time": "2023-01-18T07:03:49.507Z", "user": 4, "content_type": 9, "object_id": "1", "object_repr": "2023", "action_flag": 2, "change_message": "[{\"changed\": {\"fields\": [\"Session\"]}}]"}}, {"model": "admin.logentry", "pk": 77, "fields": {"action_time": "2023-01-18T08:23:47.388Z", "user": 4, "content_type": 15, "object_id": "1", "object_repr": "A1", "action_flag": 1, "change_message": "[{\"added\": {}}]"}}, {"model": "admin.logentry", "pk": 78, "fields": {"action_time": "2023-01-18T08:23:52.525Z", "user": 4, "content_type": 15, "object_id": "2", "object_repr": "B2", "action_flag": 1, "change_message": "[{\"added\": {}}]"}}, {"model": "admin.logentry", "pk": 79, "fields": {"action_time": "2023-01-18T08:24:01.489Z", "user": 4, "content_type": 15, "object_id": "3", "object_repr": "C3", "action_flag": 1, "change_message": "[{\"added\": {}}]"}}, {"model": "admin.logentry", "pk": 80, "fields": {"action_time": "2023-01-18T08:24:07.514Z", "user": 4, "content_type": 15, "object_id": "4", "object_repr": "C4", "action_flag": 1, "change_message": "[{\"added\": {}}]"}}, {"model": "admin.logentry", "pk": 81, "fields": {"action_time": "2023-01-18T08:24:14.317Z", "user": 4, "content_type": 15, "object_id": "5", "object_repr": "C5", "action_flag": 1, "change_message": "[{\"added\": {}}]"}}, {"model": "admin.logentry", "pk": 82, "fields": {"action_time": "2023-01-18T08:24:21.511Z", "user": 4, "content_type": 15, "object_id": "6", "object_repr": "C6", "action_flag": 1, "change_message": "[{\"added\": {}}]"}}, {"model": "admin.logentry", "pk": 83, "fields": {"action_time": "2023-01-18T08:24:29.572Z", "user": 4, "content_type": 15, "object_id": "7", "object_repr": "D7", "action_flag": 1, "change_message": "[{\"added\": {}}]"}}, {"model": "admin.logentry", "pk": 84, "fields": {"action_time": "2023-01-18T08:24:36.180Z", "user": 4, "content_type": 15, "object_id": "8", "object_repr": "E8", "action_flag": 1, "change_message": "[{\"added\": {}}]"}}, {"model": "admin.logentry", "pk": 85, "fields": {"action_time": "2023-01-18T08:24:46.184Z", "user": 4, "content_type": 15, "object_id": "9", "object_repr": "F9", "action_flag": 1, "change_message": "[{\"added\": {}}]"}}, {"model": "admin.logentry", "pk": 86, "fields": {"action_time": "2023-01-20T09:55:00.196Z", "user": 4, "content_type": 8, "object_id": "202301180804254811084", "object_repr": "202301180804254811084", "action_flag": 2, "change_message": "[{\"changed\": {\"fields\": [\"P type\", \"Faculty\", \"Course\", \"Gender\", \"Marital status\", \"Disability\", \"Id type\"]}}]"}}, {"model": "admin.logentry", "pk": 87, "fields": {"action_time": "2023-01-20T09:55:25.537Z", "user": 4, "content_type": 8, "object_id": "202301180804254811084", "object_repr": "202301180804254811084", "action_flag": 2, "change_message": "[]"}}, {"model": "admin.logentry", "pk": 88, "fields": {"action_time": "2023-01-20T10:17:52.399Z", "user": 4, "content_type": 8, "object_id": "202301180804254811084", "object_repr": "202301180804254811084", "action_flag": 3, "change_message": ""}}, {"model": "admin.logentry", "pk": 89, "fields": {"action_time": "2023-01-20T10:18:11.337Z", "user": 4, "content_type": 8, "object_id": "202301201117006548994", "object_repr": "202301201117006548994", "action_flag": 2, "change_message": "[{\"changed\": {\"fields\": [\"P type\", \"Faculty\", \"Gender\", \"Marital status\", \"Disability\", \"Id type\"]}}]"}}, {"model": "admin.logentry", "pk": 90, "fields": {"action_time": "2023-01-20T11:13:20.590Z", "user": 4, "content_type": 8, "object_id": "202301201117006548994", "object_repr": "202301201117006548994", "action_flag": 2, "change_message": "[{\"changed\": {\"fields\": [\"Course\"]}}]"}}, {"model": "admin.logentry", "pk": 91, "fields": {"action_time": "2023-01-20T11:14:26.556Z", "user": 4, "content_type": 8, "object_id": "202301170039215953313", "object_repr": "202301170039215953313", "action_flag": 3, "change_message": ""}}, {"model": "admin.logentry", "pk": 92, "fields": {"action_time": "2023-01-20T11:14:44.006Z", "user": 4, "content_type": 8, "object_id": "202301201200510615403", "object_repr": "202301201200510615403", "action_flag": 2, "change_message": "[{\"changed\": {\"fields\": [\"P type\", \"Gender\", \"Marital status\", \"Disability\", \"Id type\"]}}]"}}, {"model": "admin.logentry", "pk": 93, "fields": {"action_time": "2023-01-20T11:15:00.725Z", "user": 4, "content_type": 8, "object_id": "202301201117006548994", "object_repr": "202301201117006548994", "action_flag": 2, "change_message": "[{\"changed\": {\"fields\": [\"First name\"]}}]"}}, {"model": "admin.logentry", "pk": 94, "fields": {"action_time": "2023-01-20T11:36:29.746Z", "user": 4, "content_type": 8, "object_id": "202301201117006548994", "object_repr": "202301201117006548994", "action_flag": 2, "change_message": "[{\"changed\": {\"fields\": [\"Course\"]}}]"}}, {"model": "admin.logentry", "pk": 95, "fields": {"action_time": "2023-01-20T21:52:15.162Z", "user": 4, "content_type": 15, "object_id": "10", "object_repr": "Awaiting", "action_flag": 1, "change_message": "[{\"added\": {}}]"}}, {"model": "admin.logentry", "pk": 96, "fields": {"action_time": "2023-01-20T23:07:39.509Z", "user": 4, "content_type": 14, "object_id": "1", "object_repr": "Olevel object (1)", "action_flag": 2, "change_message": "[{\"changed\": {\"fields\": [\"Registration\"]}}]"}}, {"model": "admin.logentry", "pk": 97, "fields": {"action_time": "2023-01-20T23:07:46.373Z", "user": 4, "content_type": 14, "object_id": "2", "object_repr": "Olevel object (2)", "action_flag": 2, "change_message": "[{\"changed\": {\"fields\": [\"Registration\"]}}]"}}, {"model": "admin.logentry", "pk": 98, "fields": {"action_time": "2023-01-20T23:07:58.319Z", "user": 4, "content_type": 14, "object_id": "1", "object_repr": "Olevel object (1)", "action_flag": 2, "change_message": "[{\"changed\": {\"fields\": [\"Registration\"]}}]"}}, {"model": "admin.logentry", "pk": 99, "fields": {"action_time": "2023-01-20T23:08:38.091Z", "user": 4, "content_type": 14, "object_id": "1", "object_repr": "Olevel object (1)", "action_flag": 2, "change_message": "[{\"changed\": {\"fields\": [\"Registration\", \"O level status\"]}}]"}}, {"model": "admin.logentry", "pk": 100, "fields": {"action_time": "2023-01-20T23:59:38.348Z", "user": 4, "content_type": 14, "object_id": "2", "object_repr": "Olevel object (2)", "action_flag": 3, "change_message": ""}}, {"model": "admin.logentry", "pk": 101, "fields": {"action_time": "2023-01-20T23:59:38.422Z", "user": 4, "content_type": 14, "object_id": "1", "object_repr": "Olevel object (1)", "action_flag": 3, "change_message": ""}}, {"model": "admin.logentry", "pk": 102, "fields": {"action_time": "2023-01-21T00:05:18.869Z", "user": 4, "content_type": 14, "object_id": "3", "object_repr": "Olevel object (3)", "action_flag": 2, "change_message": "[{\"changed\": {\"fields\": [\"Registration\"]}}]"}}, {"model": "admin.logentry", "pk": 103, "fields": {"action_time": "2023-01-21T00:57:01.917Z", "user": 4, "content_type": 14, "object_id": "4", "object_repr": "Olevel object (4)", "action_flag": 3, "change_message": ""}}, {"model": "admin.logentry", "pk": 104, "fields": {"action_time": "2023-01-21T01:02:55.242Z", "user": 4, "content_type": 14, "object_id": "3", "object_repr": "Olevel object (3)", "action_flag": 2, "change_message": "[{\"changed\": {\"fields\": [\"O level status\"]}}]"}}, {"model": "admin.logentry", "pk": 105, "fields": {"action_time": "2023-01-21T01:12:20.449Z", "user": 4, "content_type": 14, "object_id": "3", "object_repr": "Olevel object (3)", "action_flag": 2, "change_message": "[{\"changed\": {\"fields\": [\"O level status\"]}}]"}}, {"model": "admin.logentry", "pk": 106, "fields": {"action_time": "2023-01-21T01:17:39.305Z", "user": 4, "content_type": 16, "object_id": "1", "object_repr": "Cancelled", "action_flag": 1, "change_message": "[{\"added\": {}}]"}}, {"model": "admin.logentry", "pk": 107, "fields": {"action_time": "2023-01-21T01:18:19.905Z", "user": 4, "content_type": 16, "object_id": "2", "object_repr": "Submitted", "action_flag": 1, "change_message": "[{\"added\": {}}]"}}, {"model": "admin.logentry", "pk": 108, "fields": {"action_time": "2023-01-21T01:18:49.382Z", "user": 4, "content_type": 16, "object_id": "3", "object_repr": "Under Review", "action_flag": 1, "change_message": "[{\"added\": {}}]"}}, {"model": "admin.logentry", "pk": 109, "fields": {"action_time": "2023-01-21T01:19:05.910Z", "user": 4, "content_type": 16, "object_id": "4", "object_repr": "Reviewed", "action_flag": 1, "change_message": "[{\"added\": {}}]"}}, {"model": "admin.logentry", "pk": 110, "fields": {"action_time": "2023-01-21T01:20:27.754Z", "user": 4, "content_type": 16, "object_id": "5", "object_repr": "Cancelled by Applicant", "action_flag": 1, "change_message": "[{\"added\": {}}]"}}, {"model": "admin.logentry", "pk": 111, "fields": {"action_time": "2023-01-21T01:20:43.394Z", "user": 4, "content_type": 16, "object_id": "6", "object_repr": "Cancelled by Staff", "action_flag": 1, "change_message": "[{\"added\": {}}]"}}, {"model": "admin.logentry", "pk": 112, "fields": {"action_time": "2023-01-21T01:21:38.914Z", "user": 4, "content_type": 16, "object_id": "7", "object_repr": "Accepted", "action_flag": 1, "change_message": "[{\"added\": {}}]"}}, {"model": "admin.logentry", "pk": 113, "fields": {"action_time": "2023-01-21T01:21:49.067Z", "user": 4, "content_type": 16, "object_id": "8", "object_repr": "Rejected", "action_flag": 1, "change_message": "[{\"added\": {}}]"}}, {"model": "admin.logentry", "pk": 114, "fields": {"action_time": "2023-01-21T01:26:06.022Z", "user": 4, "content_type": 16, "object_id": "9", "object_repr": "Ongoing Application", "action_flag": 1, "change_message": "[{\"added\": {}}]"}}, {"model": "admin.logentry", "pk": 115, "fields": {"action_time": "2023-01-22T07:05:19.631Z", "user": 4, "content_type": 17, "object_id": "1", "object_repr": "Upload object (1)", "action_flag": 1, "change_message": "[{\"added\": {}}]"}}, {"model": "admin.logentry", "pk": 116, "fields": {"action_time": "2023-01-22T08:05:00.070Z", "user": 4, "content_type": 17, "object_id": "6", "object_repr": "Upload object (6)", "action_flag": 3, "change_message": ""}}, {"model": "admin.logentry", "pk": 117, "fields": {"action_time": "2023-01-22T08:05:00.198Z", "user": 4, "content_type": 17, "object_id": "5", "object_repr": "Upload object (5)", "action_flag": 3, "change_message": ""}}, {"model": "admin.logentry", "pk": 118, "fields": {"action_time": "2023-01-22T08:05:00.265Z", "user": 4, "content_type": 17, "object_id": "4", "object_repr": "Upload object (4)", "action_flag": 3, "change_message": ""}}, {"model": "admin.logentry", "pk": 119, "fields": {"action_time": "2023-01-22T08:05:00.309Z", "user": 4, "content_type": 17, "object_id": "3", "object_repr": "Upload object (3)", "action_flag": 3, "change_message": ""}}, {"model": "admin.logentry", "pk": 120, "fields": {"action_time": "2023-01-22T08:05:00.353Z", "user": 4, "content_type": 17, "object_id": "2", "object_repr": "Upload object (2)", "action_flag": 3, "change_message": ""}}, {"model": "admin.logentry", "pk": 121, "fields": {"action_time": "2023-01-22T08:05:00.398Z", "user": 4, "content_type": 17, "object_id": "1", "object_repr": "Upload object (1)", "action_flag": 3, "change_message": ""}}, {"model": "admin.logentry", "pk": 122, "fields": {"action_time": "2023-01-22T18:23:26.135Z", "user": 4, "content_type": 8, "object_id": "202301201117006548994", "object_repr": "202301201117006548994", "action_flag": 2, "change_message": "[]"}}, {"model": "admin.logentry", "pk": 123, "fields": {"action_time": "2023-01-25T07:43:45.860Z", "user": 4, "content_type": 3, "object_id": "1", "object_repr": "Staffs", "action_flag": 1, "change_message": "[{\"added\": {}}]"}}, {"model": "admin.logentry", "pk": 124, "fields": {"action_time": "2023-01-25T07:46:09.030Z", "user": 4, "content_type": 7, "object_id": "5", "object_repr": "ameersbature17@gmail.com", "action_flag": 1, "change_message": "[{\"added\": {}}]"}}, {"model": "admin.logentry", "pk": 125, "fields": {"action_time": "2023-01-25T07:46:27.785Z", "user": 4, "content_type": 7, "object_id": "5", "object_repr": "ameersbature17@gmail.com", "action_flag": 2, "change_message": "[]"}}, {"model": "admin.logentry", "pk": 126, "fields": {"action_time": "2023-01-25T07:50:19.398Z", "user": 4, "content_type": 7, "object_id": "5", "object_repr": "ameersbature17@gmail.com", "action_flag": 2, "change_message": "[]"}}, {"model": "admin.logentry", "pk": 127, "fields": {"action_time": "2023-01-25T07:50:53.367Z", "user": 4, "content_type": 7, "object_id": "3", "object_repr": "sanisbature17@gmail.com", "action_flag": 2, "change_message": "[{\"changed\": {\"fields\": [\"Groups\", \"Staff status\", \"Country\", \"State\", \"City\"]}}]"}}, {"model": "admin.logentry", "pk": 128, "fields": {"action_time": "2023-01-25T08:58:25.378Z", "user": 3, "content_type": 8, "object_id": "202301201117006548994", "object_repr": "202301201117006548994", "action_flag": 2, "change_message": "[{\"changed\": {\"fields\": [\"Status\"]}}]"}}, {"model": "admin.logentry", "pk": 129, "fields": {"action_time": "2023-01-25T08:58:42.619Z", "user": 3, "content_type": 8, "object_id": "202301201117006548994", "object_repr": "202301201117006548994", "action_flag": 2, "change_message": "[{\"changed\": {\"fields\": [\"Status\"]}}]"}}, {"model": "admin.logentry", "pk": 130, "fields": {"action_time": "2023-01-25T11:36:46.428Z", "user": 3, "content_type": 8, "object_id": "202301201117006548994", "object_repr": "202301201117006548994", "action_flag": 2, "change_message": "[]"}}, {"model": "admin.logentry", "pk": 131, "fields": {"action_time": "2023-01-25T11:38:23.430Z", "user": 3, "content_type": 8, "object_id": "202301201117006548994", "object_repr": "202301201117006548994", "action_flag": 2, "change_message": "[{\"changed\": {\"fields\": [\"Status\"]}}]"}}, {"model": "admin.logentry", "pk": 132, "fields": {"action_time": "2023-01-25T11:38:36.147Z", "user": 3, "content_type": 8, "object_id": "202301201117006548994", "object_repr": "202301201117006548994", "action_flag": 2, "change_message": "[{\"changed\": {\"fields\": [\"Status\"]}}]"}}, {"model": "admin.logentry", "pk": 133, "fields": {"action_time": "2023-01-25T11:45:29.750Z", "user": 4, "content_type": 3, "object_id": "1", "object_repr": "Staffs", "action_flag": 2, "change_message": "[{\"changed\": {\"fields\": [\"Permissions\"]}}]"}}, {"model": "admin.logentry", "pk": 134, "fields": {"action_time": "2023-01-25T11:47:09.626Z", "user": 4, "content_type": 3, "object_id": "1", "object_repr": "Staffs", "action_flag": 2, "change_message": "[{\"changed\": {\"fields\": [\"Permissions\"]}}]"}}, {"model": "admin.logentry", "pk": 135, "fields": {"action_time": "2023-01-29T01:41:27.866Z", "user": 4, "content_type": 16, "object_id": "5", "object_repr": "Widthdraw", "action_flag": 2, "change_message": "[{\"changed\": {\"fields\": [\"Name\"]}}]"}}, {"model": "admin.logentry", "pk": 136, "fields": {"action_time": "2023-01-29T01:44:44.136Z", "user": 4, "content_type": 8, "object_id": "202301201117006548994", "object_repr": "202301201117006548994", "action_flag": 2, "change_message": "[{\"changed\": {\"fields\": [\"Status\"]}}]"}}, {"model": "admin.logentry", "pk": 137, "fields": {"action_time": "2023-01-29T01:51:38.439Z", "user": 4, "content_type": 8, "object_id": "202301201117006548994", "object_repr": "202301201117006548994", "action_flag": 2, "change_message": "[{\"changed\": {\"fields\": [\"Status\"]}}]"}}, {"model": "admin.logentry", "pk": 138, "fields": {"action_time": "2023-01-29T01:56:54.233Z", "user": 4, "content_type": 8, "object_id": "202301201117006548994", "object_repr": "202301201117006548994", "action_flag": 2, "change_message": "[{\"changed\": {\"fields\": [\"Status\"]}}]"}}, {"model": "admin.logentry", "pk": 139, "fields": {"action_time": "2023-01-29T11:00:19.959Z", "user": 4, "content_type": 8, "object_id": "202301201117006548994", "object_repr": "202301201117006548994", "action_flag": 2, "change_message": "[{\"changed\": {\"fields\": [\"Status\"]}}]"}}, {"model": "admin.logentry", "pk": 140, "fields": {"action_time": "2023-01-29T19:49:11.151Z", "user": 3, "content_type": 8, "object_id": "202301201200510615403", "object_repr": "202301201200510615403", "action_flag": 2, "change_message": "[{\"changed\": {\"fields\": [\"Status\"]}}]"}}, {"model": "admin.logentry", "pk": 141, "fields": {"action_time": "2023-01-30T00:59:58.266Z", "user": 3, "content_type": 8, "object_id": "202301201200510615403", "object_repr": "202301201200510615403", "action_flag": 2, "change_message": "[{\"changed\": {\"fields\": [\"Status\"]}}]"}}, {"model": "admin.logentry", "pk": 142, "fields": {"action_time": "2023-01-30T01:27:38.322Z", "user": 3, "content_type": 8, "object_id": "202301201200510615403", "object_repr": "202301201200510615403", "action_flag": 2, "change_message": "[{\"changed\": {\"fields\": [\"Status\"]}}]"}}, {"model": "admin.logentry", "pk": 143, "fields": {"action_time": "2023-01-30T01:36:14.653Z", "user": 3, "content_type": 8, "object_id": "202301201200510615403", "object_repr": "202301201200510615403", "action_flag": 2, "change_message": "[{\"changed\": {\"fields\": [\"Status\"]}}]"}}, {"model": "admin.logentry", "pk": 144, "fields": {"action_time": "2023-01-30T01:46:55.933Z", "user": 3, "content_type": 8, "object_id": "202301201200510615403", "object_repr": "202301201200510615403", "action_flag": 2, "change_message": "[{\"changed\": {\"fields\": [\"Status\"]}}]"}}, {"model": "admin.logentry", "pk": 145, "fields": {"action_time": "2023-01-30T01:47:16.608Z", "user": 3, "content_type": 8, "object_id": "202301201200510615403", "object_repr": "202301201200510615403", "action_flag": 2, "change_message": "[{\"changed\": {\"fields\": [\"Status\"]}}]"}}, {"model": "admin.logentry", "pk": 146, "fields": {"action_time": "2023-01-30T10:01:04.725Z", "user": 3, "content_type": 8, "object_id": "202301201200510615403", "object_repr": "202301201200510615403", "action_flag": 2, "change_message": "[{\"changed\": {\"fields\": [\"Reference url\", \"Status\"]}}]"}}, {"model": "admin.logentry", "pk": 147, "fields": {"action_time": "2023-01-30T10:25:29.078Z", "user": 3, "content_type": 8, "object_id": "202301201200510615403", "object_repr": "202301201200510615403", "action_flag": 2, "change_message": "[{\"changed\": {\"fields\": [\"Status\"]}}]"}}, {"model": "admin.logentry", "pk": 148, "fields": {"action_time": "2023-01-30T10:26:26.598Z", "user": 3, "content_type": 8, "object_id": "202301201200510615403", "object_repr": "202301201200510615403", "action_flag": 2, "change_message": "[{\"changed\": {\"fields\": [\"Status\"]}}]"}}, {"model": "admin.logentry", "pk": 149, "fields": {"action_time": "2023-01-30T10:28:31.961Z", "user": 3, "content_type": 8, "object_id": "202301201200510615403", "object_repr": "202301201200510615403", "action_flag": 2, "change_message": "[{\"changed\": {\"fields\": [\"Status\"]}}]"}}, {"model": "admin.logentry", "pk": 150, "fields": {"action_time": "2023-01-30T10:45:25.972Z", "user": 3, "content_type": 8, "object_id": "202301201200510615403", "object_repr": "202301201200510615403", "action_flag": 2, "change_message": "[{\"changed\": {\"fields\": [\"Status\"]}}]"}}, {"model": "admin.logentry", "pk": 151, "fields": {"action_time": "2023-01-30T13:28:11.945Z", "user": 4, "content_type": 18, "object_id": "6", "object_repr": "asmeessb@gmail.com", "action_flag": 1, "change_message": "[{\"added\": {}}]"}}, {"model": "admin.logentry", "pk": 152, "fields": {"action_time": "2023-01-30T14:28:22.283Z", "user": 4, "content_type": 18, "object_id": "1", "object_repr": "Staff object (1)", "action_flag": 1, "change_message": "[{\"added\": {}}]"}}, {"model": "admin.logentry", "pk": 153, "fields": {"action_time": "2023-01-30T14:41:17.623Z", "user": 4, "content_type": 18, "object_id": "3", "object_repr": "admin@yumsukijmb.edu.ng", "action_flag": 1, "change_message": "[{\"added\": {}}]"}}, {"model": "admin.logentry", "pk": 154, "fields": {"action_time": "2023-01-30T16:13:10.584Z", "user": 4, "content_type": 8, "object_id": "202301201200510615403", "object_repr": "202301201200510615403", "action_flag": 2, "change_message": "[{\"changed\": {\"fields\": [\"Status\"]}}]"}}, {"model": "auth.permission", "pk": 1, "fields": {"name": "Can add log entry", "content_type": 1, "codename": "add_logentry"}}, {"model": "auth.permission", "pk": 2, "fields": {"name": "Can change log entry", "content_type": 1, "codename": "change_logentry"}}, {"model": "auth.permission", "pk": 3, "fields": {"name": "Can delete log entry", "content_type": 1, "codename": "delete_logentry"}}, {"model": "auth.permission", "pk": 4, "fields": {"name": "Can view log entry", "content_type": 1, "codename": "view_logentry"}}, {"model": "auth.permission", "pk": 5, "fields": {"name": "Can add permission", "content_type": 2, "codename": "add_permission"}}, {"model": "auth.permission", "pk": 6, "fields": {"name": "Can change permission", "content_type": 2, "codename": "change_permission"}}, {"model": "auth.permission", "pk": 7, "fields": {"name": "Can delete permission", "content_type": 2, "codename": "delete_permission"}}, {"model": "auth.permission", "pk": 8, "fields": {"name": "Can view permission", "content_type": 2, "codename": "view_permission"}}, {"model": "auth.permission", "pk": 9, "fields": {"name": "Can add group", "content_type": 3, "codename": "add_group"}}, {"model": "auth.permission", "pk": 10, "fields": {"name": "Can change group", "content_type": 3, "codename": "change_group"}}, {"model": "auth.permission", "pk": 11, "fields": {"name": "Can delete group", "content_type": 3, "codename": "delete_group"}}, {"model": "auth.permission", "pk": 12, "fields": {"name": "Can view group", "content_type": 3, "codename": "view_group"}}, {"model": "auth.permission", "pk": 13, "fields": {"name": "Can add content type", "content_type": 4, "codename": "add_contenttype"}}, {"model": "auth.permission", "pk": 14, "fields": {"name": "Can change content type", "content_type": 4, "codename": "change_contenttype"}}, {"model": "auth.permission", "pk": 15, "fields": {"name": "Can delete content type", "content_type": 4, "codename": "delete_contenttype"}}, {"model": "auth.permission", "pk": 16, "fields": {"name": "Can view content type", "content_type": 4, "codename": "view_contenttype"}}, {"model": "auth.permission", "pk": 17, "fields": {"name": "Can add session", "content_type": 5, "codename": "add_session"}}, {"model": "auth.permission", "pk": 18, "fields": {"name": "Can change session", "content_type": 5, "codename": "change_session"}}, {"model": "auth.permission", "pk": 19, "fields": {"name": "Can delete session", "content_type": 5, "codename": "delete_session"}}, {"model": "auth.permission", "pk": 20, "fields": {"name": "Can view session", "content_type": 5, "codename": "view_session"}}, {"model": "auth.permission", "pk": 21, "fields": {"name": "Can add link counter", "content_type": 6, "codename": "add_linkcounter"}}, {"model": "auth.permission", "pk": 22, "fields": {"name": "Can change link counter", "content_type": 6, "codename": "change_linkcounter"}}, {"model": "auth.permission", "pk": 23, "fields": {"name": "Can delete link counter", "content_type": 6, "codename": "delete_linkcounter"}}, {"model": "auth.permission", "pk": 24, "fields": {"name": "Can view link counter", "content_type": 6, "codename": "view_linkcounter"}}, {"model": "auth.permission", "pk": 25, "fields": {"name": "Can add user", "content_type": 7, "codename": "add_user"}}, {"model": "auth.permission", "pk": 26, "fields": {"name": "Can change user", "content_type": 7, "codename": "change_user"}}, {"model": "auth.permission", "pk": 27, "fields": {"name": "Can delete user", "content_type": 7, "codename": "delete_user"}}, {"model": "auth.permission", "pk": 28, "fields": {"name": "Can view user", "content_type": 7, "codename": "view_user"}}, {"model": "auth.permission", "pk": 29, "fields": {"name": "Can add registration", "content_type": 8, "codename": "add_registration"}}, {"model": "auth.permission", "pk": 30, "fields": {"name": "Can change registration", "content_type": 8, "codename": "change_registration"}}, {"model": "auth.permission", "pk": 31, "fields": {"name": "Can delete registration", "content_type": 8, "codename": "delete_registration"}}, {"model": "auth.permission", "pk": 32, "fields": {"name": "Can view registration", "content_type": 8, "codename": "view_registration"}}, {"model": "auth.permission", "pk": 33, "fields": {"name": "Can add session", "content_type": 9, "codename": "add_session"}}, {"model": "auth.permission", "pk": 34, "fields": {"name": "Can change session", "content_type": 9, "codename": "change_session"}}, {"model": "auth.permission", "pk": 35, "fields": {"name": "Can delete session", "content_type": 9, "codename": "delete_session"}}, {"model": "auth.permission", "pk": 36, "fields": {"name": "Can view session", "content_type": 9, "codename": "view_session"}}, {"model": "auth.permission", "pk": 37, "fields": {"name": "Can add subject", "content_type": 10, "codename": "add_subject"}}, {"model": "auth.permission", "pk": 38, "fields": {"name": "Can change subject", "content_type": 10, "codename": "change_subject"}}, {"model": "auth.permission", "pk": 39, "fields": {"name": "Can delete subject", "content_type": 10, "codename": "delete_subject"}}, {"model": "auth.permission", "pk": 40, "fields": {"name": "Can view subject", "content_type": 10, "codename": "view_subject"}}, {"model": "auth.permission", "pk": 41, "fields": {"name": "Can add program_ type", "content_type": 11, "codename": "add_program_type"}}, {"model": "auth.permission", "pk": 42, "fields": {"name": "Can change program_ type", "content_type": 11, "codename": "change_program_type"}}, {"model": "auth.permission", "pk": 43, "fields": {"name": "Can delete program_ type", "content_type": 11, "codename": "delete_program_type"}}, {"model": "auth.permission", "pk": 44, "fields": {"name": "Can view program_ type", "content_type": 11, "codename": "view_program_type"}}, {"model": "auth.permission", "pk": 45, "fields": {"name": "Can add program", "content_type": 12, "codename": "add_program"}}, {"model": "auth.permission", "pk": 46, "fields": {"name": "Can change program", "content_type": 12, "codename": "change_program"}}, {"model": "auth.permission", "pk": 47, "fields": {"name": "Can delete program", "content_type": 12, "codename": "delete_program"}}, {"model": "auth.permission", "pk": 48, "fields": {"name": "Can view program", "content_type": 12, "codename": "view_program"}}, {"model": "auth.permission", "pk": 49, "fields": {"name": "Can add course", "content_type": 12, "codename": "add_course"}}, {"model": "auth.permission", "pk": 50, "fields": {"name": "Can change course", "content_type": 12, "codename": "change_course"}}, {"model": "auth.permission", "pk": 51, "fields": {"name": "Can delete course", "content_type": 12, "codename": "delete_course"}}, {"model": "auth.permission", "pk": 52, "fields": {"name": "Can view course", "content_type": 12, "codename": "view_course"}}, {"model": "auth.permission", "pk": 53, "fields": {"name": "Can add faculty", "content_type": 13, "codename": "add_faculty"}}, {"model": "auth.permission", "pk": 54, "fields": {"name": "Can change faculty", "content_type": 13, "codename": "change_faculty"}}, {"model": "auth.permission", "pk": 55, "fields": {"name": "Can delete faculty", "content_type": 13, "codename": "delete_faculty"}}, {"model": "auth.permission", "pk": 56, "fields": {"name": "Can view faculty", "content_type": 13, "codename": "view_faculty"}}, {"model": "auth.permission", "pk": 57, "fields": {"name": "Can add olevel", "content_type": 14, "codename": "add_olevel"}}, {"model": "auth.permission", "pk": 58, "fields": {"name": "Can change olevel", "content_type": 14, "codename": "change_olevel"}}, {"model": "auth.permission", "pk": 59, "fields": {"name": "Can delete olevel", "content_type": 14, "codename": "delete_olevel"}}, {"model": "auth.permission", "pk": 60, "fields": {"name": "Can view olevel", "content_type": 14, "codename": "view_olevel"}}, {"model": "auth.permission", "pk": 61, "fields": {"name": "Can add grade", "content_type": 15, "codename": "add_grade"}}, {"model": "auth.permission", "pk": 62, "fields": {"name": "Can change grade", "content_type": 15, "codename": "change_grade"}}, {"model": "auth.permission", "pk": 63, "fields": {"name": "Can delete grade", "content_type": 15, "codename": "delete_grade"}}, {"model": "auth.permission", "pk": 64, "fields": {"name": "Can view grade", "content_type": 15, "codename": "view_grade"}}, {"model": "auth.permission", "pk": 65, "fields": {"name": "Can add status", "content_type": 16, "codename": "add_status"}}, {"model": "auth.permission", "pk": 66, "fields": {"name": "Can change status", "content_type": 16, "codename": "change_status"}}, {"model": "auth.permission", "pk": 67, "fields": {"name": "Can delete status", "content_type": 16, "codename": "delete_status"}}, {"model": "auth.permission", "pk": 68, "fields": {"name": "Can view status", "content_type": 16, "codename": "view_status"}}, {"model": "auth.permission", "pk": 69, "fields": {"name": "Can add upload", "content_type": 17, "codename": "add_upload"}}, {"model": "auth.permission", "pk": 70, "fields": {"name": "Can change upload", "content_type": 17, "codename": "change_upload"}}, {"model": "auth.permission", "pk": 71, "fields": {"name": "Can delete upload", "content_type": 17, "codename": "delete_upload"}}, {"model": "auth.permission", "pk": 72, "fields": {"name": "Can view upload", "content_type": 17, "codename": "view_upload"}}, {"model": "auth.permission", "pk": 73, "fields": {"name": "Can add user", "content_type": 18, "codename": "add_staff"}}, {"model": "auth.permission", "pk": 74, "fields": {"name": "Can change user", "content_type": 18, "codename": "change_staff"}}, {"model": "auth.permission", "pk": 75, "fields": {"name": "Can delete user", "content_type": 18, "codename": "delete_staff"}}, {"model": "auth.permission", "pk": 76, "fields": {"name": "Can view user", "content_type": 18, "codename": "view_staff"}}, {"model": "auth.permission", "pk": 77, "fields": {"name": "Can add staff", "content_type": 19, "codename": "add_staff"}}, {"model": "auth.permission", "pk": 78, "fields": {"name": "Can change staff", "content_type": 19, "codename": "change_staff"}}, {"model": "auth.permission", "pk": 79, "fields": {"name": "Can delete staff", "content_type": 19, "codename": "delete_staff"}}, {"model": "auth.permission", "pk": 80, "fields": {"name": "Can view staff", "content_type": 19, "codename": "view_staff"}}, {"model": "auth.group", "pk": 1, "fields": {"name": "Staffs", "permissions": [58, 60, 30, 32]}}, {"model": "contenttypes.contenttype", "pk": 1, "fields": {"app_label": "admin", "model": "logentry"}}, {"model": "contenttypes.contenttype", "pk": 2, "fields": {"app_label": "auth", "model": "permission"}}, {"model": "contenttypes.contenttype", "pk": 3, "fields": {"app_label": "auth", "model": "group"}}, {"model": "contenttypes.contenttype", "pk": 4, "fields": {"app_label": "contenttypes", "model": "contenttype"}}, {"model": "contenttypes.contenttype", "pk": 5, "fields": {"app_label": "sessions", "model": "session"}}, {"model": "contenttypes.contenttype", "pk": 6, "fields": {"app_label": "verify_email", "model": "linkcounter"}}, {"model": "contenttypes.contenttype", "pk": 7, "fields": {"app_label": "account", "model": "user"}}, {"model": "contenttypes.contenttype", "pk": 8, "fields": {"app_label": "program", "model": "registration"}}, {"model": "contenttypes.contenttype", "pk": 9, "fields": {"app_label": "program", "model": "session"}}, {"model": "contenttypes.contenttype", "pk": 10, "fields": {"app_label": "program", "model": "subject"}}, {"model": "contenttypes.contenttype", "pk": 11, "fields": {"app_label": "program", "model": "program_type"}}, {"model": "contenttypes.contenttype", "pk": 12, "fields": {"app_label": "program", "model": "course"}}, {"model": "contenttypes.contenttype", "pk": 13, "fields": {"app_label": "program", "model": "faculty"}}, {"model": "contenttypes.contenttype", "pk": 14, "fields": {"app_label": "program", "model": "olevel"}}, {"model": "contenttypes.contenttype", "pk": 15, "fields": {"app_label": "program", "model": "grade"}}, {"model": "contenttypes.contenttype", "pk": 16, "fields": {"app_label": "program", "model": "status"}}, {"model": "contenttypes.contenttype", "pk": 17, "fields": {"app_label": "program", "model": "upload"}}, {"model": "contenttypes.contenttype", "pk": 18, "fields": {"app_label": "staff", "model": "staff"}}, {"model": "contenttypes.contenttype", "pk": 19, "fields": {"app_label": "account", "model": "staff"}}, {"model": "sessions.session", "pk": "1eeb6ys4239dpzf5fu9edapinaabn0nq", "fields": {"session_data": ".eJxVjMsOwiAQRf-FtSEdIDxcuvcbyDAMUjWQlHZl_Hdt0oVu7znnvkTEba1xG7zEOYuz0OL0uyWkB7cd5Du2W5fU27rMSe6KPOiQ1575eTncv4OKo37rYgkMKUjWG7ZKZy5gFQJp522ZFIB2iBhKdpogKCTAVAwG5kJT8OL9AeQUOFU:1pHh2J:AVmBcKluZ3awPsp7vDZqVf60lQpoIZLHGLJiRivSiX8", "expire_date": "2023-01-31T08:09:39.424Z"}}, {"model": "sessions.session", "pk": "4dczlvnjrhpznqgp1kzuorit0trgf0d6", "fields": {"session_data": ".eJxVjLEOgzAMRP8lcxURMBh37M43RI6dFNoqSASmqv9ekBja5YZ77-5tPG_r6LcSFz-puRowl98usDxjPoA-ON9nK3NelynYQ7EnLXaYNb5up_t3MHIZ93VQFmTHqXWdqDCgA1cRELapqanRqt4zphSp70kVEDvAhkigguDQfL7sbzdc:1pMWj8:TY86TgMDGMmQmYjvDwjcuCLUoYYFyG34rkPKBiPEdLo", "expire_date": "2023-02-13T16:09:50.572Z"}}, {"model": "sessions.session", "pk": "4uhayyje5npgulp1xyweqiwad3axqg84", "fields": {"session_data": ".eJxVjMsOwiAQRf-FtSEdIDxcuvcbyDAMUjWQlHZl_Hdt0oVu7znnvkTEba1xG7zEOYuz0OL0uyWkB7cd5Du2W5fU27rMSe6KPOiQ1575eTncv4OKo37rYgkMKUjWG7ZKZy5gFQJp522ZFIB2iBhKdpogKCTAVAwG5kJT8OL9AeQUOFU:1pHh66:MbBmjA_0F-G7vhD-OQ9DNva6qsDnenb5trbDkR9uYBo", "expire_date": "2023-01-31T08:13:34.175Z"}}, {"model": "sessions.session", "pk": "7250f3tysm07xgpaoo4tho2o8hwf048o", "fields": {"session_data": ".eJxVjMsOwiAQRf-FtSEdIDxcuvcbyDAMUjWQlHZl_Hdt0oVu7znnvkTEba1xG7zEOYuz0OL0uyWkB7cd5Du2W5fU27rMSe6KPOiQ1575eTncv4OKo37rYgkMKUjWG7ZKZy5gFQJp522ZFIB2iBhKdpogKCTAVAwG5kJT8OL9AeQUOFU:1pM9gb:C2AiB_Vsv1pqLfXuGW0Y4xGG-PE9_M0z0mimK_OU1Fs", "expire_date": "2023-02-12T15:33:41.582Z"}}, {"model": "sessions.session", "pk": "80oiebqcad6l8wrb54zoxj6hpgfkrtvx", "fields": {"session_data": ".eJxVjDsOwjAQBe_iGlm28SdLSZ8zWLveDQkgR4qTCnF3iJQC2jcz76UybuuYtyZLnlhdlFen342wPKTugO9Yb7Muc12XifSu6IM23c8sz-vh_h2M2MZvDZ6NC-RhEMsRAwwdGeNTECg2nRnQYXIQgAkDoTVR0uDRCLnCsSvq_QHg8Dg3:1pI2PD:vTLp7gAkBm_cXUMTGXAM3gjOwyUFyoGepZY149N2Sao", "expire_date": "2023-02-01T06:58:43.481Z"}}, {"model": "sessions.session", "pk": "d4g2qeq6xdkl8ff8finurpn2hg73mcbz", "fields": {"session_data": ".eJxVjMsOwiAQRf-FtSEdIDxcuvcbyDAMUjWQlHZl_Hdt0oVu7znnvkTEba1xG7zEOYuz0OL0uyWkB7cd5Du2W5fU27rMSe6KPOiQ1575eTncv4OKo37rYgkMKUjWG7ZKZy5gFQJp522ZFIB2iBhKdpogKCTAVAwG5kJT8OL9AeQUOFU:1pIOQB:MzexDYf58oGYsBXq-Xq8RIWtMsaZ06Wis4VReyfCxnY", "expire_date": "2023-02-02T06:29:11.872Z"}}, {"model": "sessions.session", "pk": "kthqrqw60xu9dbjx8r69a2bjiq5gc096", "fields": {"session_data": ".eJxVjMsOwiAQRf-FtSEdIDxcuvcbyDAMUjWQlHZl_Hdt0oVu7znnvkTEba1xG7zEOYuz0OL0uyWkB7cd5Du2W5fU27rMSe6KPOiQ1575eTncv4OKo37rYgkMKUjWG7ZKZy5gFQJp522ZFIB2iBhKdpogKCTAVAwG5kJT8OL9AeQUOFU:1pKetA:gozp9mu6fpDwlrgu84gcvYOz35_X2_9BiKsK869Vz80", "expire_date": "2023-02-08T12:28:28.634Z"}}, {"model": "sessions.session", "pk": "l0gei5e4d5esf35r87uu5ah49yuril71", "fields": {"session_data": ".eJxVjLEOgzAMRP8lcxURMBh37M43RI6dFNoqSASmqv9ekBja5YZ77-5tPG_r6LcSFz-puRowl98usDxjPoA-ON9nK3NelynYQ7EnLXaYNb5up_t3MHIZ93VQFmTHqXWdqDCgA1cRELapqanRqt4zphSp70kVEDvAhkigguDQfL7sbzdc:1pNAFg:C-z2wSytBPX-hYqHLBGFOYvMqkgROoU7HYa4SHtHUZQ", "expire_date": "2023-02-15T10:22:04.594Z"}}, {"model": "sessions.session", "pk": "rodlum1008bin354wutf9cafjtufv95r", "fields": {"session_data": ".eJxVjLEOgzAMRP8lcxURMBh37M43RI6dFNoqSASmqv9ekBja5YZ77-5tPG_r6LcSFz-puRowl98usDxjPoA-ON9nK3NelynYQ7EnLXaYNb5up_t3MHIZ93VQFmTHqXWdqDCgA1cRELapqanRqt4zphSp70kVEDvAhkigguDQfL7sbzdc:1pMSek:D72SDDwHPty2enYdPgx1YbVOVHwfoUWl-ZuzQCTj0LM", "expire_date": "2023-02-13T11:49:02.032Z"}}, {"model": "sessions.session", "pk": "v2ig28vwwlso02c45rf7r15do4gzxnqi", "fields": {"session_data": ".eJxVjMsOwiAQRf-FtSEdIDxcuvcbyDAMUjWQlHZl_Hdt0oVu7znnvkTEba1xG7zEOYuz0OL0uyWkB7cd5Du2W5fU27rMSe6KPOiQ1575eTncv4OKo37rYgkMKUjWG7ZKZy5gFQJp522ZFIB2iBhKdpogKCTAVAwG5kJT8OL9AeQUOFU:1pHZ2H:mHhdimNzIvPAh7cBMkZTs9VyE00OE6WIXbT1MnSZATA", "expire_date": "2023-01-30T23:37:05.196Z"}}, {"model": "sessions.session", "pk": "v58kw3zb09dtcq5tzz89zaskusdihac6", "fields": {"session_data": ".eJxVjDsOwjAQBe_iGlm28SdLSZ8zWLveDQkgR4qTCnF3iJQC2jcz76UybuuYtyZLnlhdlFen342wPKTugO9Yb7Muc12XifSu6IM23c8sz-vh_h2M2MZvDZ6NC-RhEMsRAwwdGeNTECg2nRnQYXIQgAkDoTVR0uDRCLnCsSvq_QHg8Dg3:1pFypb:uvlaHQlevEtQ_vvygD2ucUzumUm-UzFAvyp5TB-C63k", "expire_date": "2023-01-26T14:45:27.710Z"}}, {"model": "account.user", "pk": 3, "fields": {"updated": "2023-01-25T07:50:53.328Z", "created": "2023-01-09T14:30:53.835Z", "password": "pbkdf2_sha256$390000$xAE416rhVD6Jr1ACTVcZzS$WcXeqYbEssWzoOZqRad7raJS/VaG4e2qkwsX8MzWbVQ=", "last_login": "2023-01-30T14:42:18.206Z", "is_superuser": false, "is_staff": true, "date_joined": "2023-01-09T14:30:53Z", "username": "", "first_name": "Sani", "last_name": "Bature", "other_name": null, "email": "sanisbateure17@gmail.com", "is_active": true, "is_email_verified": true, "phone": "07088890573", "profile_image": "default_user.png", "is_phone_verified": false, "date_of_birth": null, "gender": "MALE", "country": "Nigeria", "state": "KANO", "city": "KANO", "groups": [1], "user_permissions": []}}, {"model": "account.user", "pk": 4, "fields": {"updated": "2023-01-12T14:44:47.028Z", "created": "2023-01-12T14:44:47.028Z", "password": "pbkdf2_sha256$390000$cRJkOzJGohpiG1ZannVuYy$RNPIexIm/9sdGZCtl3ZMQADCdzfnvh3eNuEr/qQYBvc=", "last_login": "2023-02-01T10:22:04.214Z", "is_superuser": true, "is_staff": true, "date_joined": "2023-01-12T14:44:46.279Z", "username": "Admin", "first_name": "Admin", "last_name": "Admin", "other_name": null, "email": "admin@yumsukijmb.edu.ng", "is_active": true, "is_email_verified": false, "phone": null, "profile_image": "default_user.png", "is_phone_verified": false, "date_of_birth": null, "gender": "Select", "country": "", "state": "", "city": "", "groups": [], "user_permissions": []}}, {"model": "account.user", "pk": 5, "fields": {"updated": "2023-01-25T07:50:19.390Z", "created": "2023-01-25T07:46:08.470Z", "password": "ameer888905", "last_login": null, "is_superuser": false, "is_staff": true, "date_joined": "2023-01-25T07:45:01Z", "username": "ameerssb", "first_name": "Sani", "last_name": "Bature", "other_name": null, "email": "ameersbature17@gmail.com", "is_active": true, "is_email_verified": true, "phone": "07088890573", "profile_image": "default_user.png", "is_phone_verified": false, "date_of_birth": "2000-07-08", "gender": "MALE", "country": "Nigeria", "state": "KANO", "city": "KANO", "groups": [1], "user_permissions": []}}, {"model": "account.user", "pk": 6, "fields": {"updated": "2023-01-30T13:28:11.769Z", "created": "2023-01-30T13:28:11.769Z", "password": "ameer888905", "last_login": null, "is_superuser": false, "is_staff": true, "date_joined": "2023-01-30T13:26:34Z", "username": "ameerssb", "first_name": "Sani", "last_name": "Bature", "other_name": "ameer", "email": "asmeessb@gmail.com", "is_active": true, "is_email_verified": true, "phone": "07088890573", "profile_image": "default_user.png", "is_phone_verified": false, "date_of_birth": null, "gender": "MALE", "country": "Nigeria", "state": "KANO", "city": "KANO", "groups": [1], "user_permissions": []}}, {"model": "staff.staff", "pk": 1, "fields": {"faculty": 1, "department": 3}}, {"model": "staff.staff", "pk": 3, "fields": {"faculty": 1, "department": 1}}, {"model": "program.session", "pk": 1, "fields": {"updated": "2023-01-18T07:03:49.471Z", "created": "2023-01-13T19:35:52.574Z", "session": "2023"}}, {"model": "program.program_type", "pk": 1, "fields": {"updated": "2023-01-13T19:35:52.443Z", "created": "2023-01-13T19:35:52.105Z", "name": "IJMB Program"}}, {"model": "program.faculty", "pk": 1, "fields": {"updated": "2023-01-13T19:35:51.943Z", "created": "2023-01-13T19:35:51.813Z", "program_type": 1, "name": "Sciences"}}, {"model": "program.faculty", "pk": 2, "fields": {"updated": "2023-01-13T19:35:51.943Z", "created": "2023-01-13T19:35:51.813Z", "program_type": 1, "name": "Social Sciences"}}, {"model": "program.faculty", "pk": 3, "fields": {"updated": "2023-01-13T19:35:51.943Z", "created": "2023-01-13T19:35:51.813Z", "program_type": 1, "name": "Arts"}}, {"model": "program.subject", "pk": 1, "fields": {"updated": "2023-01-13T19:35:53.061Z", "created": "2023-01-13T19:35:52.941Z", "program_type": 1, "name": "PHYSICS"}}, {"model": "program.subject", "pk": 2, "fields": {"updated": "2023-01-13T19:35:53.061Z", "created": "2023-01-13T19:35:52.941Z", "program_type": 1, "name": "ACCOUNTING"}}, {"model": "program.subject", "pk": 3, "fields": {"updated": "2023-01-13T19:35:53.061Z", "created": "2023-01-13T19:35:52.941Z", "program_type": 1, "name": "ARABIC"}}, {"model": "program.subject", "pk": 4, "fields": {"updated": "2023-01-13T19:35:53.061Z", "created": "2023-01-13T19:35:52.941Z", "program_type": 1, "name": "BIOLOGY"}}, {"model": "program.subject", "pk": 5, "fields": {"updated": "2023-01-13T19:35:53.061Z", "created": "2023-01-13T19:35:52.941Z", "program_type": 1, "name": "CHEMISTRY"}}, {"model": "program.subject", "pk": 6, "fields": {"updated": "2023-01-13T19:35:53.061Z", "created": "2023-01-13T19:35:52.941Z", "program_type": 1, "name": "ECONOMICS"}}, {"model": "program.subject", "pk": 7, "fields": {"updated": "2023-01-13T19:35:53.061Z", "created": "2023-01-13T19:35:52.941Z", "program_type": 1, "name": "GEOGRAPHY"}}, {"model": "program.subject", "pk": 8, "fields": {"updated": "2023-01-13T19:35:53.061Z", "created": "2023-01-13T19:35:52.941Z", "program_type": 1, "name": "BUSINESS"}}, {"model": "program.subject", "pk": 9, "fields": {"updated": "2023-01-13T19:35:53.061Z", "created": "2023-01-13T19:35:52.941Z", "program_type": 1, "name": "MANAGEMENT"}}, {"model": "program.subject", "pk": 10, "fields": {"updated": "2023-01-13T19:35:53.061Z", "created": "2023-01-13T19:35:52.941Z", "program_type": 1, "name": "GEOLOGY"}}, {"model": "program.subject", "pk": 11, "fields": {"updated": "2023-01-13T19:35:53.061Z", "created": "2023-01-13T19:35:52.941Z", "program_type": 1, "name": "GOVERNMENT"}}, {"model": "program.subject", "pk": 12, "fields": {"updated": "2023-01-13T19:35:53.061Z", "created": "2023-01-13T19:35:52.941Z", "program_type": 1, "name": "HAUSA"}}, {"model": "program.subject", "pk": 13, "fields": {"updated": "2023-01-13T19:35:53.061Z", "created": "2023-01-13T19:35:52.941Z", "program_type": 1, "name": "ISLAMIC STUDIES"}}, {"model": "program.subject", "pk": 14, "fields": {"updated": "2023-01-13T19:35:53.061Z", "created": "2023-01-13T19:35:52.941Z", "program_type": 1, "name": "SOCIOLOGY"}}, {"model": "program.subject", "pk": 15, "fields": {"updated": "2023-01-13T19:35:53.061Z", "created": "2023-01-13T19:35:52.941Z", "program_type": 1, "name": "ADVANCED LEVEL MATHEMATICS"}}, {"model": "program.subject", "pk": 16, "fields": {"updated": "2023-01-14T20:15:25.389Z", "created": "2023-01-13T19:35:52.941Z", "program_type": 1, "name": "ENGLISH LANGUAGE"}}, {"model": "program.subject", "pk": 17, "fields": {"updated": "2023-01-14T20:15:03.564Z", "created": "2023-01-13T19:35:52.941Z", "program_type": 1, "name": "MATHEMATICS"}}, {"model": "program.subject", "pk": 18, "fields": {"updated": "2023-01-13T19:35:53.061Z", "created": "2023-01-13T19:35:52.941Z", "program_type": 1, "name": "LITERATURE IN ENGLISH"}}, {"model": "program.subject", "pk": 19, "fields": {"updated": "2023-01-13T19:35:53.061Z", "created": "2023-01-13T19:35:52.941Z", "program_type": 1, "name": "CHRISTIAN RELIGIOUS STUDIES (CRS)"}}, {"model": "program.subject", "pk": 20, "fields": {"updated": "2023-01-13T19:35:53.061Z", "created": "2023-01-13T19:35:52.941Z", "program_type": 1, "name": "AGRICULTURAL SCIENCE"}}, {"model": "program.course", "pk": 1, "fields": {"updated": "2023-01-13T19:35:51.650Z", "created": "2023-01-13T19:35:51.443Z", "program_type": 1, "faculty": 1, "name": "Medicine and Surgery", "combination": [1, 4, 5], "others": []}}, {"model": "program.course", "pk": 2, "fields": {"updated": "2023-01-13T19:35:51.650Z", "created": "2023-01-13T19:35:51.443Z", "program_type": 1, "faculty": 1, "name": "Agricultural Engineering", "combination": [1, 5, 17], "others": []}}, {"model": "program.course", "pk": 3, "fields": {"updated": "2023-01-13T19:35:51.650Z", "created": "2023-01-13T19:35:51.443Z", "program_type": 1, "faculty": 1, "name": "Computer Science", "combination": [1, 17], "others": [4, 5, 6, 7]}}, {"model": "program.course", "pk": 4, "fields": {"updated": "2023-01-13T19:35:51.650Z", "created": "2023-01-13T19:35:51.443Z", "program_type": 1, "faculty": 2, "name": "Public Administration", "combination": [6, 11], "others": []}}, {"model": "program.grade", "pk": 1, "fields": {"updated": "2023-01-18T08:23:47.364Z", "created": "2023-01-18T08:23:47.364Z", "program_type": 1, "name": "A1"}}, {"model": "program.grade", "pk": 2, "fields": {"updated": "2023-01-18T08:23:52.477Z", "created": "2023-01-18T08:23:52.477Z", "program_type": 1, "name": "B2"}}, {"model": "program.grade", "pk": 3, "fields": {"updated": "2023-01-18T08:24:01.381Z", "created": "2023-01-18T08:24:01.381Z", "program_type": 1, "name": "C3"}}, {"model": "program.grade", "pk": 4, "fields": {"updated": "2023-01-18T08:24:07.466Z", "created": "2023-01-18T08:24:07.466Z", "program_type": 1, "name": "C4"}}, {"model": "program.grade", "pk": 5, "fields": {"updated": "2023-01-18T08:24:14.269Z", "created": "2023-01-18T08:24:14.269Z", "program_type": 1, "name": "C5"}}, {"model": "program.grade", "pk": 6, "fields": {"updated": "2023-01-18T08:24:21.471Z", "created": "2023-01-18T08:24:21.471Z", "program_type": 1, "name": "C6"}}, {"model": "program.grade", "pk": 7, "fields": {"updated": "2023-01-18T08:24:29.540Z", "created": "2023-01-18T08:24:29.540Z", "program_type": 1, "name": "D7"}}, {"model": "program.grade", "pk": 8, "fields": {"updated": "2023-01-18T08:24:36.148Z", "created": "2023-01-18T08:24:36.148Z", "program_type": 1, "name": "E8"}}, {"model": "program.grade", "pk": 9, "fields": {"updated": "2023-01-18T08:24:46.129Z", "created": "2023-01-18T08:24:46.129Z", "program_type": 1, "name": "F9"}}, {"model": "program.grade", "pk": 10, "fields": {"updated": "2023-01-20T21:52:15.033Z", "created": "2023-01-20T21:52:15.033Z", "program_type": 1, "name": "Awaiting"}}, {"model": "program.status", "pk": 1, "fields": {"updated": "2023-01-21T01:17:39.244Z", "created": "2023-01-21T01:17:39.244Z", "program_type": 1, "name": "Cancelled"}}, {"model": "program.status", "pk": 2, "fields": {"updated": "2023-01-21T01:18:19.860Z", "created": "2023-01-21T01:18:19.860Z", "program_type": 1, "name": "Submitted"}}, {"model": "program.status", "pk": 3, "fields": {"updated": "2023-01-21T01:18:49.341Z", "created": "2023-01-21T01:18:49.341Z", "program_type": 1, "name": "Under Review"}}, {"model": "program.status", "pk": 4, "fields": {"updated": "2023-01-21T01:19:05.852Z", "created": "2023-01-21T01:19:05.852Z", "program_type": 1, "name": "Reviewed"}}, {"model": "program.status", "pk": 5, "fields": {"updated": "2023-01-29T01:41:27.831Z", "created": "2023-01-21T01:20:27.727Z", "program_type": 1, "name": "Widthdraw"}}, {"model": "program.status", "pk": 6, "fields": {"updated": "2023-01-21T01:20:43.351Z", "created": "2023-01-21T01:20:43.351Z", "program_type": 1, "name": "Cancelled by Staff"}}, {"model": "program.status", "pk": 7, "fields": {"updated": "2023-01-21T01:21:38.870Z", "created": "2023-01-21T01:21:38.870Z", "program_type": 1, "name": "Accepted"}}, {"model": "program.status", "pk": 8, "fields": {"updated": "2023-01-21T01:21:49.021Z", "created": "2023-01-21T01:21:49.021Z", "program_type": 1, "name": "Rejected"}}, {"model": "program.status", "pk": 9, "fields": {"updated": "2023-01-21T01:26:05.968Z", "created": "2023-01-21T01:26:05.968Z", "program_type": 1, "name": "Ongoing Application"}}, {"model": "program.registration", "pk": "202301201117006548994", "fields": {"updated": "2023-01-30T00:13:54.657Z", "created": "2023-01-30T00:13:52.784Z", "payment_reference": "0", "payment": "Unpaid", "reference_number": "0", "reference_url": "", "user": 4, "status": 9, "session": 1, "p_type": 1, "faculty": 1, "course": 1, "p_subject1": 1, "p_subject2": 4, "p_subject3": 5, "first_name": "Sani", "last_name": "Bature", "other_name": "ameer", "dob": "2023-01-05", "gender": "Male", "marital_status": "Single", "disability": "No", "disability_type": null, "state_of_origin": "Kano", "previous_ijmb_number": null, "id_type": "National ID", "id_number": "111111111", "id_issued": null, "id_expiry": null, "email": "sanisbature27@gmail.com", "phone": "07088890573", "address": "kddkddk", "postal": 700241, "state": "Kano", "lga": "Gwale", "next_of_kin_name": "dfsdfshzd", "next_of_kin_email": "ameersbature17@gmail.com", "next_of_kin_phone": "ndfhdfs", "next_of_kin_address": "No. 356 Yamadawa Dorayi Babba, Gwale LG, Kano State", "next_of_kin_relationship": "Uncle", "next_of_kin_occupation": "jlfksxd", "next_of_kin_occupation_address": "kjlcdfsd", "file_photo_passport": "Admin/339_Yg2TlYA.jpg", "file_identification": "Admin/451_X7UnFuf.jpg", "file_first_certificate": "", "file_first_testimonial": "", "file_second_certificate": "", "file_second_testimonial": "", "file_awaiting_exam_slip": "", "file_scratch_card": "", "post_type": "next_of_kin", "submitted": "2023-01-30T16:04:18.779Z"}}, {"model": "program.registration", "pk": "202301201200510615403", "fields": {"updated": "2023-01-30T16:13:10.418Z", "created": "2023-01-30T00:13:52.784Z", "payment_reference": "0", "payment": "Paid", "reference_number": "e4cj9gq08n", "reference_url": "https://checkout.paystack.com/pr06w86u6l400wc", "user": 3, "status": 2, "session": 1, "p_type": 1, "faculty": 1, "course": 3, "p_subject1": 1, "p_subject2": 17, "p_subject3": 6, "first_name": "Sani Bature", "last_name": "Sufyan", "other_name": "ameer", "dob": "2023-01-17", "gender": "Male", "marital_status": "Single", "disability": "No", "disability_type": null, "state_of_origin": "Kano", "previous_ijmb_number": null, "id_type": "National ID", "id_number": "122222222", "id_issued": null, "id_expiry": null, "email": "sanisbature17@gmail.com", "phone": "07088890573", "address": "No. 356 Yamadawa Dorayi Babba, Gwale LG, Kano State", "postal": 700241, "state": "Kano", "lga": "Gwale", "next_of_kin_name": "Sani Sufyan Bature", "next_of_kin_email": "sanisbature17@gmail.com", "next_of_kin_phone": "07088890573", "next_of_kin_address": "No. 356 Yamadawa Dorayi Babba, Gwale LG, Kano State", "next_of_kin_relationship": "Parent", "next_of_kin_occupation": "welcome", "next_of_kin_occupation_address": "No. 356 Yamadawa Dorayi Babba, Gwale LG, Kano State", "file_photo_passport": "3/339.jpg", "file_identification": "3/459.jpg", "file_first_certificate": "", "file_first_testimonial": "", "file_second_certificate": "", "file_second_testimonial": "", "file_awaiting_exam_slip": "", "file_scratch_card": "", "post_type": "next_of_kin", "submitted": "2023-01-30T16:04:18Z"}}, {"model": "program.olevel", "pk": 3, "fields": {"registration": "202301201117006548994", "o_level_status": "One Sitting", "examination_type": "NECO", "examination_center": "1", "examination_number": "1", "examination_year": "1", "subject1": 9, "subject2": 7, "subject3": 8, "subject4": 10, "subject5": 8, "subject6": 8, "subject7": 9, "subject8": 6, "subject9": 11, "grade1": 10, "grade2": 10, "grade3": 10, "grade4": 10, "grade5": 10, "grade6": 10, "grade7": 10, "grade8": 10, "grade9": 10}}, {"model": "program.olevel", "pk": 5, "fields": {"registration": "202301201200510615403", "o_level_status": "One Sitting", "examination_type": "WAEC", "examination_center": "1", "examination_number": "1", "examination_year": "2022", "subject1": 1, "subject2": 2, "subject3": 3, "subject4": 4, "subject5": 5, "subject6": 6, "subject7": 7, "subject8": 10, "subject9": 11, "grade1": 10, "grade2": 10, "grade3": 10, "grade4": 10, "grade5": 10, "grade6": 10, "grade7": 10, "grade8": 10, "grade9": 10}}, {"model": "program.upload", "pk": 7, "fields": {"file1": "upload/339_eAlIAHm.jpg", "file2": "upload/234_806_356_6421_20170107_194402_zPSWQ4v.jpg"}}]
